ma1,mh1,mh2,xsec_8_ggf_h1_2a1_4tau,xsec_8_ggf_h2_2a1_4tau,xsec_8_ggf_h2_2h1_4tau,xsec_8_ggf_h1_2a1_4b,xsec_8_ggf_h2_2a1_4b,xsec_8_ggf_h2_2h1_4b,xsec_8_ggf_h1_2a1_2b2tau,xsec_8_ggf_h2_2a1_2b2tau,xsec_8_ggf_h2_2h1_2b2tau,xsec_8_ggf_h1_2a1_2tau2mu,xsec_8_ggf_h2_2a1_2tau2mu,xsec_8_ggf_h2_2h1_2tau2mu,xsec_8_ggf_h1_2a1_4mu,xsec_8_ggf_h2_2a1_4mu,xsec_8_ggf_h2_2h1_4mu
37.4866116,125.211112,137.031604,0.00284847297687,0.00433024839574,,0.304779294772,0.463325459977,,0.0589289601153,0.0895838005395,,2.02321570587e-05,3.07569235718e-05,,3.5926282483e-08,5.46151318094e-08,
